{
  "full_images": {
    "p1": "DummyMax.jpg",
    "p2": "DummyMax.jpg",
    "p3": "DummyMax.jpg",
    "p4": "DummyMax.jpg"
  },
  "thumbnails": {
    "p1": "DummyMax.jpg",
    "p2": "DummyMax.jpg",
    "p3": "DummyMax.jpg",
    "p4": "DummyMax.jpg"
  },
  "descriptions": {
    "p1": "A good description for p1 would go here",
    "p2": "A good description for p2 would go here",
    "p3": "A good description for p3 would go here",
    "p4": "A good description for p4 would go here"
  },
  "products": [
    {
      "ID": "p1",
      "title": "title1",
      "price": 5.10
    },
    {
      "ID": "p2",
      "title": "title2",
      "price": 5.20
    },
    {
      "ID": "p3",
      "title": "title3",
      "price": 5.30
    },
    {
      "ID": "p4",
      "title": "title4",
      "price": 5.40
    }
  ]
}